Player,Team,Hit,Attempt,Percent,Guard,Center,Ht,Position
Schilling,MichState,35,73,0.479,0,1,81,Center
Mathiang,Louisville,26,54,0.481,0,1,82,Center
Karnowski,Gonzaga,57,113,0.504,0,1,85,Center
Okafor,Duke,95,186,0.511,0,1,83,Center
Cauley-Stein,Kentucky,79,128,0.617,0,1,84,Center
Auguste,NotreDame,96,151,0.636,0,1,82,Center
Tarczewski,Arizona,107,153,0.699,0,1,84,Center
Kaminsky,Wisconsin,146,188,0.777,0,1,84,Center
Snider,Louisville,21,38,0.553,1,0,74,Guard
Wesley,Gonzaga,106,158,0.671,1,2,76,Guard
Jackson,NotreDame,82,110,0.745,1,0,73,Guard
HarrisonAA,Kentucky,77,99,0.778,1,0,78,Guard
York,Arizona,60,74,0.811,1,0,75,Guard
Gasser,Wisconsin,62,75,0.827,1,0,75,Guard
Valentine,MichState,68,82,0.829,1,0,77,Guard
Jones,Duke,135,152,0.888,1,0,73,Guard
Trice,MichState,116,162,0.716,1,0,72,Guard
Grant,NotreDame,170,218,0.780,1,0,77,Guard
Rozier,Louisville,139,176,0.790,1,0,73,Guard
HarrisonA,Kentucky,124,157,0.790,1,0,78,Guard
Pangos,Gonzaga,89,108,0.824,1,0,74,Guard
Koenig,Wisconsin,52,63,0.825,1,0,75,Guard
McConnell,Arizona,58,70,0.829,1,0,73,Guard
Cook,Duke,94,106,0.887,1,0,64,Guard